Name,Created,Tags
Awake Money,"December 5, 2021 2:07 AM",
Awake Me,"December 5, 2021 2:07 AM",
Hashbucks,"December 5, 2021 2:07 AM",
Atemic,"December 5, 2021 2:07 AM",
Artificial,"December 5, 2021 2:07 AM",
iFauji,"December 5, 2021 2:35 AM",
Ramayana University,"December 5, 2021 2:35 AM",
Sportnuke,"December 5, 2021 2:35 AM",
Toontype,"December 5, 2021 2:36 AM",
Black Limited,"December 5, 2021 1:17 PM",
Awake Chat,"December 5, 2021 2:32 AM",
Coflora,"December 5, 2021 3:34 PM",
Unsound,"December 5, 2021 3:35 PM",